ts	phase	decision	why	evidence	result
2026-09-10T00:00:00-04:00	frame	Centralize server-facing rotation ownership in one request arbiter	The existing mutable event lets listeners and later packet hooks overwrite each other	client/src/main/java/mindless/helper/RotationHelper.java:133; client/src/main/java/mindless/event/ClientRotationEvent.java:10	open
2026-09-10T00:01:00-04:00	baseline	Captured the client test baseline before changing rotation code	Each migration unit needs a known build state	client build command .\\gradlew.bat test --no-daemon	NOT VERIFIED: existing Scaffold symbol errors in ModuleManager and MixinEntityPlayerSP
2026-09-10T00:02:00-04:00	design	Selected source-keyed per-axis requests with deterministic priority resolution	It removes callback-order ownership without replacing the established packet and render lifecycle	client/src/main/java/mindless/rotation/RotationSource.java; client/src/main/java/mindless/rotation/RotationArbiter.java	implemented
2026-09-10T00:03:00-04:00	migration	Moved client-event and direct packet rotation writers onto named sources	Every known server-facing writer now submits to the arbiter rather than mutating mutable event fields	client/src/main/java/mindless/event/ClientRotationEvent.java; client/src/main/java/mindless/event/PreMotionEvent.java	implemented
2026-09-10T00:04:00-04:00	verification	Compiled the pure arbitration domain and added focused resolver tests	The full Gradle test task remains blocked by the unchanged Scaffold baseline failure	client/src/test/java/mindless/rotation/RotationArbiterTest.java; client/build/rotation-arbiter-check	PARTIALLY VERIFIED
2026-09-10T00:05:00-04:00	verification	Compiled all production client sources and ran the arbitration test class directly	Production compilation proves every migrated caller type-checks; direct test execution proves source resolution behavior	client command .\\gradlew.bat compileJava --no-daemon; client/build/rotation-arbiter-check	VERIFIED
2026-09-10T00:06:00-04:00	verification	Confirmed no mutable ClientRotationEvent yaw pitch or script flag writes remain	The old overwrite mechanism must be absent for the arbiter to own the result	client/src/main/java/mindless/event/ClientRotationEvent.java; source audit command	VERIFIED
2026-09-10T00:07:00-04:00	verification	Superseded the early Scaffold baseline diagnosis after a clean production compile	The full test task is now blocked in unrelated test sources that reference absent lag placement and runtime classes	client command .\\gradlew.bat test --no-daemon	NOT VERIFIED: compileTestJava fails outside the rotation package
2026-09-10T00:08:00-04:00	audit	Moved late helper requests into the shared arbiter and preserved requested-axis ownership	The audit found that visible modes still had last-writer behavior through RotationHelper.request	client/src/main/java/mindless/helper/RotationHelper.java	VERIFIED by production compile
2026-09-10T00:09:00-04:00	audit	Preserved randomized winners and stopped scripts from claiming unchanged pitch	The audit found packet and helper state could disagree and position-only scripts could suppress another pitch request	client/src/main/java/mindless/helper/RotationHelper.java; client/src/main/java/mindless/script/ScriptEvents.java	VERIFIED by clean production compile
2026-09-10T00:10:00-04:00	verification	Ran the resolver tests after the audit fixes and scanned module packet writers	The check proves request priority behavior and confirms migrated module writers no longer call legacy packet rotation setters	client command javac plus JUnitCore RotationArbiterTest; client source audit	VERIFIED
